,Facebook,Twitter,Reddit,Other
New York Times,16496993.16,11974230.45,4346062.92,4778413.47
CNN,13817696.04,7244488.53,5607869.76,3032645.67
MSNBC,274601.6,98807.54,100818.016,16132.844
Huffington Post,4353977.056,727936.352,563623.632,554942.96
,0,0,0,0
Wall Street Journal,2635748.1,2494330.2,249561,1019360.7
,0,0,0,0
The Washington Times,1651956.48,679514.4,359906.4,87822.72
Fox News,10078121.44,2453308.8,2947526.08,2298643.68
Daily Wire,7320898.746,1159746.336,281882.79,186132.128
,0,0,0,0
Associated Press,1079433.108,1710656.064,405215.46,609535.368
Bloomberg,2706793.848,3218111.424,1166668.272,3196506.456
The Economist,1562441.484,673178.016,170640.072,525700.428
The Guardian,16452657.33,7764629.76,6187439.34,3295923.57
,0,0,0,0
,0,0,0,0
Alternet,436454.1495,150883.704,86527.773,45999.3735
,0,0,0,0
Patribotics,7903.962,59686.638,779.361,600.039
National Enquirer,3906.097,30699.864,9650.069,4753.97
Worldtruth,20850.2832,11838.1296,0,6023.5872
Infowars,450613.845,448307.145,103686.165,150742.845
The Blaze,0,0,0,0
NRA,434.896,828.212,0,276.892